php_page,canonical_url,title,category,status,template,seo_metadata,hero_artwork,visual,image_status,seo_status,navigation_placement,footer_placement,reachable
aboutus.php,/aboutus.php,About CloudHost247,Company,published,aboutus,"{'title': 'About CloudHost247', 'description': 'CloudHost247 Isc. builds and operates hosting, cloud, domain, application, website and developer platforms for businesses and developers worldwide.'}","{'svg': 'hero/infrastructure.svg', 'scene': 'hero/infrastructure-3d'}",hero/infrastructure,present,ok,company / Company | company / menu root,Company,True
acceptable-use-policy.php,/acceptable-use-policy.php,Acceptable Use Policy,Legal,published,acceptableusepolicy,"{'title': 'Acceptable Use Policy', 'description': 'The rules for using CloudHost247 services, systems and network: what is permitted, what counts as abuse, and how reports are handled.'}","{'svg': 'security/security.svg', 'scene': 'security/security-3d'}",security/security,present,ok,legal / Legal & Policy Center,Legal,True
all-element-cloudhost247.php,,,,internal,,"{'title': '', 'description': ''}","{'svg': '', 'scene': ''}",,n/a,n/a,,,False
api-hosting.php,/api-hosting.php,API Hosting,Developers,published,cloudhost247-page,"{'title': 'API Hosting', 'description': 'Host HTTP APIs on CloudHost247 using an available runtime or container product; confirm TLS, network controls, logs and monitoring in the selected service catalogue.'}","{'svg': 'deployment/api.svg', 'scene': 'deployment/deployment-pipeline-3d'}",deployment/api,present,ok,platforms / Application platforms,Developers,True
applications.php,/applications.php,Applications,Applications,published,cloudhost247-platform,"{'title': 'Applications', 'description': 'Published apps, managed databases, containers and deployment records on CloudHost247. Git source builds depend on a configured control-panel integration.'}","{'svg': 'applications/application-stack.svg', 'scene': 'applications/application-stack-3d'}",applications/application-stack,present,ok,platforms / Application platforms | platforms / menu root,Developers,True
backup-policy.php,/backup-policy.php,Backup Policy,Legal,published,backuppolicy,"{'title': 'Backup Policy', 'description': 'What is backed up for websites, databases, email and configurations, how long copies are kept, and how restores are requested.'}","{'svg': 'security/security.svg', 'scene': 'security/security-3d'}",security/security,present,ok,legal / Legal & Policy Center,,True
backups.php,/backups.php,Backups,Infrastructure,published,cloudhost247-page,"{'title': 'Backups', 'description': 'Backup jobs for CloudHost247 servers and applications: scheduled runs, visible history, defined retention and restores performed from your account.'}","{'svg': 'management/backups.svg', 'scene': 'servers/dedicated-servers-3d'}",management/backups,present,ok,cloud / Servers,Cloud & Servers,True
blog.php,/blog.php,Blog,Marketing,published,cloudhost247-page,"{'title': 'Blog', 'description': 'Platform releases and product notes from CloudHost247 — what shipped, what it replaces, and what it deliberately does not do yet.'}","{'svg': 'blog/insights.svg', 'scene': 'hero/infrastructure-3d'}",blog/insights,present,ok,resources / Stay informed,Resources,True
builder-page.php,,,,internal,,"{'title': '', 'description': ''}","{'svg': '', 'scene': ''}",,n/a,n/a,,,False
builder-sitemap.php,,,,internal,,"{'title': '', 'description': ''}","{'svg': '', 'scene': ''}",,n/a,n/a,,,False
business-hosting.php,/business-hosting.php,Business Hosting,Hosting,published,cloudhost247-page,"{'title': 'Business Hosting', 'description': 'Business hosting from CloudHost247 gives company sites more resources, stronger isolation, priority support and the headroom to run mail, apps and databases.'}","{'svg': 'hosting/business-hosting.svg', 'scene': 'hosting/business-hosting-3d'}",hosting/business-hosting,present,ok,hosting / Web hosting,Products,True
cloudhost247-hosting.php,/cloudhost247-hosting.php,Cloud Hosting Plans,Cloud,published,cloudhost247-product-catalog,"{'title': 'Cloud Hosting Plans', 'description': 'Compare CloudHost247 hosting: web, business, WordPress, reseller, Windows and email hosting — with free SSL, backups, mailboxes, databases and 24/7 support.'}","{'svg': 'cloud/cloud-hosting.svg', 'scene': 'cloud/cloud-hosting-3d'}",cloud/cloud-hosting,present,ok,cloud / Cloud | cloud / menu root | hosting / menu root | platforms / Control panels,Products,True
cloudhost247-marketing-track.php,,,,internal,,"{'title': '', 'description': ''}","{'svg': '', 'scene': ''}",,n/a,n/a,,,False
cloudhost247-page.php,,,,internal,,"{'title': '', 'description': ''}","{'svg': '', 'scene': ''}",,n/a,n/a,,,False
cloudhost247-sample.php,,,,internal,,"{'title': '', 'description': ''}","{'svg': '', 'scene': ''}",,n/a,n/a,,,False
cloudhost247-sitemap.php,,,,internal,,"{'title': '', 'description': ''}","{'svg': '', 'scene': ''}",,n/a,n/a,,,False
cloudhost247-vps-sample.php,,,,internal,,"{'title': '', 'description': ''}","{'svg': '', 'scene': ''}",,n/a,n/a,,,False
comingsoon.php,,,,internal,,"{'title': '', 'description': ''}","{'svg': '', 'scene': ''}",,n/a,n/a,,,False
cookie-policy.php,/cookie-policy.php,Cookie Policy,Legal,published,cookiepolicy,"{'title': 'Cookie Policy', 'description': 'How CloudHost247 Isc uses cookies and similar tracking technologies, which categories are set, and how to control them in your browser.'}","{'svg': 'security/security.svg', 'scene': 'security/security-3d'}",security/security,present,ok,company / Legal & trust | legal / Legal & Policy Center,Legal,True
cpanel-hosting.php,/cpanel-hosting.php,cPanel Hosting,Hosting,published,cloudhost247-page,"{'title': 'cPanel Hosting', 'description': 'cPanel-based hosting from CloudHost247: mailboxes, databases, subdomains, SSL and one-click application installs, managed from the panel your team already knows.'}","{'svg': 'hosting/cpanel-hosting.svg', 'scene': 'hosting/cpanel-hosting-3d'}",hosting/cpanel-hosting,present,ok,hosting / Web hosting | platforms / Control panels,,True
cybercrime-policy.php,/cybercrime-policy.php,Cybercrime Policy,Legal,published,cybercrimepolicy,"{'title': 'Cybercrime Policy', 'description': 'The preventive and detection measures CloudHost247 Isc uses when a domain registered or hosted on the platform is used for abuse.'}","{'svg': 'security/security.svg', 'scene': 'security/security-3d'}",security/security,present,ok,legal / Legal & Policy Center,,True
data-centers.php,/data-centers.php,Data Centers,Infrastructure,published,cloudhost247-page,"{'title': 'Data Centers', 'description': 'The data centre regions CloudHost247 is configured to deploy into, listed from live configuration rather than a marketing map.'}","{'svg': 'cloud/data-centers.svg', 'scene': 'cloud/vps-3d'}",cloud/data-centers,present,ok,cloud / Servers | resources / Infrastructure,Cloud & Servers | Resources,True
data-deletion.php,/data-deletion.php,Data Deletion Instructions,Legal,published,datadeletion,"{'title': 'Data Deletion Instructions', 'description': 'Step-by-step instructions for requesting deletion of your personal data, and how the request is verified and actioned.'}","{'svg': 'security/security.svg', 'scene': 'security/security-3d'}",security/security,present,ok,legal / Legal & Policy Center,,True
data-privacy-notice-and-consent-form.php,/data-privacy-notice-and-consent-form.php,Data Privacy Notice and Consent Form,Legal,published,dataprivacynoticeandconsentform,"{'title': 'Data Privacy Notice and Consent Form', 'description': 'The privacy notice and consent form used for prospective employees, published under the Nigeria Data Protection Act 2023.'}","{'svg': 'security/security.svg', 'scene': 'security/security-3d'}",security/security,present,ok,legal / Legal & Policy Center,,True
data-protection-standards.php,/data-protection-standards.php,Data Protection Standards,Legal,published,cloudhost247-page,"{'title': 'Data Protection Standards', 'description': 'The principles, measures and responsibilities CloudHost247 Isc follows to protect customer, partner and employee data.'}","{'svg': 'security/security.svg', 'scene': 'security/security-3d'}",security/security,present,ok,company / Company | legal / Legal & Policy Center,Company | Legal,True
dedeicated-server.php,,,,internal,,"{'title': '', 'description': ''}","{'svg': '', 'scene': ''}",,n/a,n/a,,,False
dedicated-server.php,/dedicated-server.php,Dedicated Servers,Dedicated,published,cloudhost247-page,"{'title': 'Dedicated Servers', 'description': 'Dedicated servers from CloudHost247: an entire physical machine, full administrative control, hardware-level isolation and options for redundancy.'}","{'svg': 'servers/dedicated-servers.svg', 'scene': 'servers/dedicated-servers-3d'}",servers/dedicated-servers,present,ok,cloud / Servers,Products,True
deployments.php,/deployments.php,Deployment Platform,Deployment/PaaS,published,cloudhost247-platform,"{'title': 'Deployment Platform', 'description': 'Operate supported CloudHost247 application installs and updates with deployment status, step events, per-application configuration and recovery where supported.'}","{'svg': 'deployment/deployment-pipeline.svg', 'scene': 'deployment/deployment-pipeline-3d'}",deployment/deployment-pipeline,present,ok,platforms / Application platforms,Developers,True
developer-friendly.php,/developer-friendly.php,Developer Hosting,Developer,published,cloudhost247-page,"{'title': 'Developer Hosting', 'description': 'Developer hosting from CloudHost247: check available runtimes, SSH, configuration and logs in the product catalogue. Git support depends on the selected panel.'}","{'svg': 'deployment/developer-hosting.svg', 'scene': 'deployment/deployment-pipeline-3d'}",deployment/developer-hosting,present,ok,hosting / Specialized hosting | platforms / Application platforms,Developers,True
dns-management.php,/dns-management.php,DNS Management,Domains,published,cloudhost247-page,"{'title': 'DNS Management', 'description': 'Where authoritative DNS records for CloudHost247-hosted domains are edited, and what the read-only diagnostic tools can and cannot tell you.'}","{'svg': 'domains/dns-management.svg', 'scene': 'domains/dns-management-3d'}",domains/dns-management,present,ok,domains / Domains,Domains,True
docker-hosting.php,/docker-hosting.php,Docker Hosting,Developers,published,cloudhost247-page,"{'title': 'Docker Hosting', 'description': 'Run Docker containers on CloudHost247: pull from public or private registries, attach persistent volumes, inject configuration and route a domain with TLS.'}","{'svg': 'deployment/docker.svg', 'scene': 'deployment/deployment-pipeline-3d'}",deployment/docker,present,ok,hosting / Specialized hosting | platforms / Application platforms,Developers,True
documentation.php,/documentation.php,Documentation,Resources,published,cloudhost247-page,"{'title': 'Documentation', 'description': 'CloudHost247 platform documentation: API references, provisioning, deployment, domain services, billing, tools and operations guides.'}","{'svg': 'blog/documentation.svg', 'scene': 'hero/infrastructure-3d'}",blog/documentation,present,ok,resources / Documentation & help | resources / menu root,Resources,True
domain-agreement.php,/domain-agreement.php,Domain Agreement,Legal,published,domainagreement,"{'title': 'Domain Agreement', 'description': 'The agreement between you and CloudHost247 ISC as sponsoring registrar or reseller for the domain names you register through us.'}","{'svg': 'security/security.svg', 'scene': 'security/security-3d'}",security/security,present,ok,legal / Legal & Policy Center,Legal,True
domain-brokerage-terms.php,/domain-brokerage-terms.php,Domain Brokerage Terms,Legal,published,domainbrokerageterms,"{'title': 'Domain Brokerage Terms', 'description': 'What a CloudHost247 domain brokerage engagement covers: acquisition attempts, confidentiality, and what happens when a domain cannot be acquired.'}","{'svg': 'security/security.svg', 'scene': 'security/security-3d'}",security/security,present,ok,legal / Legal & Policy Center,Legal,True
domain-dns.php,/domain-dns.php,Domain DNS,Domains,published,cloudhost247-page,"{'title': 'Domain DNS', 'description': 'Where nameserver and DNS record changes are made for a registered domain, and what can be checked without editing the zone.'}","{'svg': 'domains/domain-dns.svg', 'scene': 'domains/domain-network-3d'}",domains/domain-dns,present,ok,domains / Domains,Domains,True
domain-renewal-policy.php,/domain-renewal-policy.php,Domain Renewal Policy,Legal,published,domainrenewalpolicy,"{'title': 'Domain Renewal Policy', 'description': 'How domain auto-renewal works, when a domain is deleted for non-payment, and the grace and redemption periods that follow.'}","{'svg': 'security/security.svg', 'scene': 'security/security-3d'}",security/security,present,ok,domains / Domains | legal / Legal & Policy Center,Domains,True
domain.php,/domain.php,Domains,Domains,published,cloudhost247-page,"{'title': 'Domains', 'description': 'Register a new domain, transfer a name you already own, or manage your existing portfolio through your CloudHost247 account.'}","{'svg': 'domains/domain-network.svg', 'scene': 'domains/domain-network-3d'}",domains/domain-network,present,ok,domains / Domains | domains / menu root,Domains,True
domainregistrationaddendum.php,/domainregistrationaddendum.php,Domain Registration Addendum,Legal,published,domainregistrationaddendum,"{'title': 'Domain Registration Addendum', 'description': 'TLD-specific terms that apply on top of the main Domain Registration Agreement, for each registry CloudHost247 Isc registers through.'}","{'svg': 'security/security.svg', 'scene': 'security/security-3d'}",security/security,present,ok,legal / Legal & Policy Center,,True
email-hosting.php,/email-hosting.php,Email Hosting,Email,published,cloudhost247-email-hosting,"{'title': 'Email Hosting', 'description': 'Email hosting from CloudHost247: professional mailboxes on your domain with spam filtering, TLS, IMAP/POP/SMTP and webmail access.'}","{'svg': 'hosting/email-hosting.svg', 'scene': 'hosting/email-hosting-3d'}",hosting/email-hosting,present,ok,hosting / Specialized hosting,Products,True
enterprise-servers.php,/enterprise-servers.php,Enterprise Servers,Dedicated,published,cloudhost247-page,"{'title': 'Enterprise Servers', 'description': 'Enterprise-grade server configurations from CloudHost247 for high-capacity workloads, with redundancy options, managed operations and provider-backed hardware.'}","{'svg': 'servers/enterprise-servers.svg', 'scene': 'servers/enterprise-servers-3d'}",servers/enterprise-servers,present,ok,cloud / Cloud,Cloud & Servers,True
fair-usage-policy.php,/fair-usage-policy.php,Fair Usage Policy,Legal,published,fairusagepolicy,"{'title': 'Fair Usage Policy', 'description': 'How the fair usage policy applies to shared, reseller and WordPress hosting, including plans advertised with unlimited resources.'}","{'svg': 'security/security.svg', 'scene': 'security/security-3d'}",security/security,present,ok,legal / Legal & Policy Center,,True
faqs.php,/faqs.php,Frequently Asked Questions,Support,published,faqs,"{'title': 'Frequently Asked Questions', 'description': 'Answers to common questions about CloudHost247 services, plans, domains, accounts and policies, and where to look when the answer is not here.'}","{'svg': 'management/support.svg', 'scene': 'servers/dedicated-servers-3d'}",management/support,present,ok,resources / Documentation & help,Resources,True
firewall.php,/firewall.php,Firewall,Infrastructure,published,cloudhost247-page,"{'title': 'Firewall', 'description': 'Rule-based firewall control for CloudHost247 servers: ordered allow, deny and rate-limit rules applied at the network layer, with the effective ruleset visible.'}","{'svg': 'management/firewall.svg', 'scene': 'servers/dedicated-servers-3d'}",management/firewall,present,ok,cloud / Servers,Cloud & Servers,True
future-element.php,,,,internal,,"{'title': '', 'description': ''}","{'svg': '', 'scene': ''}",,n/a,n/a,,,False
game-servers.php,/game-servers.php,Game Servers,Dedicated,published,cloudhost247-page,"{'title': 'Game Servers', 'description': 'Low-latency game server hosting from CloudHost247 with the compute to hold a community, DDoS-path filtering and full administrative access.'}","{'svg': 'servers/game-servers.svg', 'scene': 'servers/dedicated-servers-3d'}",servers/game-servers,present,ok,hosting / Specialized hosting,,True
help-center.php,/help-center.php,Help Center,Support,published,cloudhost247-page,"{'title': 'Help Center', 'description': 'CloudHost247 support: search the knowledge base and documentation, run a diagnostic tool, open a ticket with the team, or check what is happening right now.'}","{'svg': 'management/support.svg', 'scene': 'servers/dedicated-servers-3d'}",management/support,present,ok,resources / Documentation & help,Resources,True
infrastructure.php,/infrastructure.php,Infrastructure,Cloud,published,cloudhost247-infrastructure,"{'title': 'Infrastructure', 'description': 'How CloudHost247 infrastructure is organised: providers, regions, network, storage and the operational layer that runs customer services.'}","{'svg': 'hero/global-network.svg', 'scene': 'hero/global-network-3d'}",hero/global-network,present,ok,resources / Infrastructure,,True
ip-management.php,/ip-management.php,IP Management,Infrastructure,published,cloudhost247-page,"{'title': 'IP Management', 'description': 'Manage the IP addresses assigned to your CloudHost247 services: public addressing, floating IPs, reverse DNS and the records that tie them to your services.'}","{'svg': 'management/ip-management.svg', 'scene': 'servers/dedicated-servers-3d'}",management/ip-management,present,ok,cloud / Servers,,True
laravel-hosting.php,/laravel-hosting.php,Laravel Hosting,Developers,published,cloudhost247-page,"{'title': 'Laravel Hosting', 'description': 'Laravel hosting on CloudHost247 with the application services a Laravel site may need: queue workers, scheduler jobs, storage and database options.'}","{'svg': 'deployment/laravel.svg', 'scene': 'deployment/deployment-pipeline-3d'}",deployment/laravel,present,ok,hosting / Web hosting | platforms / Application platforms,Developers,True
legal-notice.php,/legal-notice.php,Legal Notice,Legal,published,cloudhost247-page,"{'title': 'Legal Notice', 'description': 'The rights, obligations and restrictions that apply to CloudHost247 Isc services, website and associated platforms, and the company details.'}","{'svg': 'security/security.svg', 'scene': 'security/security-3d'}",security/security,present,ok,legal / Legal & Policy Center,Legal,True
legal.php,/legal.php,Legal & Policy Center,Legal,published,legal,"{'title': 'Legal & Policy Center', 'description': 'Every legal, privacy and policy document that governs CloudHost247 Isc services, gathered in one place with its effective date.'}","{'svg': 'security/security.svg', 'scene': 'security/security-3d'}",security/security,present,ok,company / Legal & trust,Legal,True
managed-services.php,/managed-services.php,Managed Services,Infrastructure,published,cloudhost247-page,"{'title': 'Managed Services', 'description': 'Managed services from CloudHost247: patching, monitoring response, backup verification, firewall changes and hands-on administration, confirmed per plan.'}","{'svg': 'management/managed-services.svg', 'scene': 'servers/dedicated-servers-3d'}",management/managed-services,present,ok,hosting / Specialized hosting,,True
migration.php,/migration.php,Migration,Infrastructure,published,cloudhost247-page,"{'title': 'Migration', 'description': 'Move your website and email to CloudHost247 with a planned cutover: copy, verify on the new infrastructure, then switch DNS at your discretion.'}","{'svg': 'management/migration.svg', 'scene': 'servers/dedicated-servers-3d'}",management/migration,present,ok,cloud / Servers,,True
monitoring.php,/monitoring.php,Monitoring,Infrastructure,published,cloudhost247-page,"{'title': 'Monitoring', 'description': 'Resource monitoring and service telemetry for CloudHost247 servers, applications and hosting, with historical data and alerting you can act on.'}","{'svg': 'management/monitoring.svg', 'scene': 'management/monitoring-3d'}",management/monitoring,present,ok,cloud / Servers,Cloud & Servers,True
network.php,/network.php,Network,Infrastructure,published,cloudhost247-page,"{'title': 'Network', 'description': 'The CloudHost247 network layer: public and private addressing, firewall filtering, reverse DNS, floating IPs and the observability that sits on top.'}","{'svg': 'cloud/network.svg', 'scene': 'cloud/vps-3d'}",cloud/network,present,ok,cloud / Servers | resources / Infrastructure,Cloud & Servers | Resources,True
nodejs-hosting.php,/nodejs-hosting.php,Node.js Hosting,Developers,published,cloudhost247-page,"{'title': 'Node.js Hosting', 'description': 'Node.js hosting on CloudHost247: review available runtimes and product integrations for process supervision, environment configuration, application logs and domains.'}","{'svg': 'deployment/nodejs.svg', 'scene': 'deployment/deployment-pipeline-3d'}",deployment/nodejs,present,ok,hosting / Web hosting | platforms / Application platforms,Developers,True
notfound.php,,,,internal,,"{'title': '', 'description': ''}","{'svg': '', 'scene': ''}",,n/a,n/a,,,False
offers.php,/offers.php,Offers,Marketing,published,cloudhost247-page,"{'title': 'Offers', 'description': 'Current CloudHost247 pricing, rendered live from the configured product catalogue — plans, prices and billing cycles exactly as configured.'}","{'svg': 'cloud/cloud-hosting.svg', 'scene': 'cloud/cloud-hosting-3d'}",cloud/cloud-hosting,present,ok,resources / Stay informed,,True
operating-systems.php,/operating-systems.php,Operating Systems,Operating Systems,published,cloudhost247-platform,"{'title': 'Operating Systems', 'description': 'The operating system catalogue available when provisioning a server on CloudHost247, including version lifecycles and provider image availability.'}","{'svg': 'operating-systems/os-catalog.svg', 'scene': 'cloud/vps-3d'}",operating-systems/os-catalog,present,ok,platforms / Operating systems | resources / Infrastructure,,True
paas.php,/paas.php,PaaS,Developers,published,cloudhost247-page,"{'title': 'PaaS', 'description': 'Manage supported application deployments with recorded steps and per-app settings. Git source builds require an enabled control-panel integration.'}","{'svg': 'deployment/paas.svg', 'scene': 'deployment/deployment-pipeline-3d'}",deployment/paas,present,ok,platforms / Application platforms,Developers,True
php-hosting.php,/php-hosting.php,PHP Hosting,Developers,published,cloudhost247-page,"{'title': 'PHP Hosting', 'description': 'PHP hosting on CloudHost247: review available runtime versions, Composer, databases and scheduled-task support in the selected hosting product.'}","{'svg': 'deployment/php.svg', 'scene': 'deployment/deployment-pipeline-3d'}",deployment/php,present,ok,hosting / Web hosting | platforms / Application platforms,Developers,True
plesk-hosting.php,/plesk-hosting.php,Plesk Hosting,Hosting,published,cloudhost247-page,"{'title': 'Plesk Hosting', 'description': 'Hosting configurations for Plesk-based workflows, and what panel licensing and platform support each option includes.'}","{'svg': 'hosting/plesk-hosting.svg', 'scene': 'hosting/web-hosting-3d'}",hosting/plesk-hosting,present,ok,hosting / Web hosting | platforms / Control panels,,True
privacy-policy.php,/privacy-policy.php,Privacy Policy,Legal,published,privacypolicy,"{'title': 'Privacy Policy', 'description': 'How CloudHost247 Isc collects, uses and shares personal information, how long it is kept, and what you can ask us to do with it.'}","{'svg': 'security/security.svg', 'scene': 'security/security-3d'}",security/security,present,ok,company / Legal & trust | legal / Legal & Policy Center,Legal,True
python-hosting.php,/python-hosting.php,Python Hosting,Developers,published,cloudhost247-page,"{'title': 'Python Hosting', 'description': 'Host Python applications on CloudHost247: virtual environments, WSGI and ASGI applications, background workers, scheduled jobs and managed data services.'}","{'svg': 'deployment/python.svg', 'scene': 'deployment/deployment-pipeline-3d'}",deployment/python,present,ok,hosting / Web hosting | platforms / Application platforms,Developers,True
refund-and-cancellation-policy.php,/refund-and-cancellation-policy.php,Refund and Cancellation Policy,Legal,published,refund-and-vancellation-policy,"{'title': 'Refund and Cancellation Policy', 'description': 'How to cancel a CloudHost247 service, where the refund terms that apply are published, and where to manage the service in your account.'}","{'svg': 'security/security.svg', 'scene': 'security/security-3d'}",security/security,present,ok,legal / Legal & Policy Center,,True
refund-policy.php,/refund-policy.php,Refund Policy,Legal,published,refundpolicy,"{'title': 'Refund Policy', 'description': 'The terms under which refunds may be granted for CloudHost247 hosting, domain and related services, and how to request one.'}","{'svg': 'security/security.svg', 'scene': 'security/security-3d'}",security/security,present,ok,legal / Legal & Policy Center,Legal,True
reseller-hosting.php,/reseller-hosting.php,Reseller Hosting,Hosting,published,cloudhost247-page,"{'title': 'Reseller Hosting', 'description': 'Reseller hosting from CloudHost247: separate accounts, your own branding, WHMCS-compatible billing and the infrastructure operated for you.'}","{'svg': 'hosting/reseller-hosting.svg', 'scene': 'hosting/web-hosting-3d'}",hosting/reseller-hosting,present,ok,hosting / Web hosting,,True
robots.php,,,,internal,,"{'title': '', 'description': ''}","{'svg': '', 'scene': ''}",,n/a,n/a,,,False
security.php,/security.php,Security,Infrastructure,published,cloudhost247-page,"{'title': 'Security', 'description': 'How CloudHost247 secures its platform and customer data: authentication, access control, encryption, isolation, logging and responsible disclosure.'}","{'svg': 'security/platform-security.svg', 'scene': 'hero/infrastructure-3d'}",security/platform-security,present,ok,company / Company,Company,True
server-management.php,/server-management.php,Server Management,Server Management,published,cloudhost247-platform,"{'title': 'Server Management', 'description': 'Server management from CloudHost247: provisioning, operating-system lifecycle, monitoring, firewall control, backups, patching and hands-on administration.'}","{'svg': 'management/server-control.svg', 'scene': 'servers/dedicated-servers-3d'}",management/server-control,present,ok,cloud / Servers,Cloud & Servers,True
service-error.php,,,,internal,,"{'title': '', 'description': ''}","{'svg': '', 'scene': ''}",,n/a,n/a,,,False
site-search.php,,,,internal,,"{'title': '', 'description': ''}","{'svg': '', 'scene': ''}",,n/a,n/a,,,False
ssl-certificate.php,/ssl-certificate.php,SSL Certificates,Product,published,cloudhost247-page,"{'title': 'SSL Certificates', 'description': 'Issue and renew SSL/TLS certificates for every domain you host with CloudHost247, with automated renewal, forced HTTPS and coverage for subdomains.'}","{'svg': 'security/ssl.svg', 'scene': 'hero/infrastructure-3d'}",security/ssl,present,ok,hosting / Specialized hosting,,True
tables.php,,,,internal,,"{'title': '', 'description': ''}","{'svg': '', 'scene': ''}",,n/a,n/a,,,False
terms-of-service.php,/terms-of-service.php,Terms of Service,Legal,published,cloudhost247-page,"{'title': 'Terms of Service', 'description': 'The Terms & Conditions governing use of CloudHost247 websites, products and services, and the obligations that come with an account.'}","{'svg': 'security/security.svg', 'scene': 'security/security-3d'}",security/security,present,ok,company / Legal & trust | legal / Legal & Policy Center,Legal,True
tools-sitemap.php,,,,internal,,"{'title': '', 'description': ''}","{'svg': '', 'scene': ''}",,n/a,n/a,,,False
trademark-policy.php,/trademark-policy.php,Trademark Policy,Legal,published,trademarkpolicy,"{'title': 'Trademark Policy', 'description': 'How CloudHost247 Isc reviews claims of trademark and copyright infringement, and how domain name disputes are handled alongside them.'}","{'svg': 'security/security.svg', 'scene': 'security/security-3d'}",security/security,present,ok,company / Legal & trust | legal / Legal & Policy Center,Legal,True
vps-hosting.php,/vps-hosting.php,VPS Hosting,VPS,published,cloudhost247-page,"{'title': 'VPS Hosting', 'description': 'VPS hosting from CloudHost247: guaranteed virtual resources, full administrative access, a choice of operating system and live plan pricing from the catalogue.'}","{'svg': 'cloud/vps.svg', 'scene': 'cloud/vps-3d'}",cloud/vps,present,ok,cloud / Servers,Cloud & Servers | Products,True
vps-privatecloud.php,/vps-privatecloud.php,Private Cloud,Cloud,published,cloudhost247-page,"{'title': 'Private Cloud', 'description': 'Private cloud from CloudHost247: isolated compute capacity reserved for one tenant, for workloads that cannot share hardware with anyone else.'}","{'svg': 'cloud/private-cloud.svg', 'scene': 'cloud/private-cloud-3d'}",cloud/private-cloud,present,ok,cloud / Cloud,Cloud & Servers,True
vps-publiccloud.php,/vps-publiccloud.php,Public Cloud,Cloud,published,cloudhost247-page,"{'title': 'Public Cloud', 'description': 'Elastic public cloud instances from CloudHost247: resize compute as demand changes, with the OS catalogue, network controls and monitoring included.'}","{'svg': 'cloud/public-cloud.svg', 'scene': 'cloud/public-cloud-3d'}",cloud/public-cloud,present,ok,cloud / Cloud,Cloud & Servers,True
web-hosting.php,/web-hosting.php,Web Hosting,Hosting,published,cloudhost247-page,"{'title': 'Web Hosting', 'description': 'CloudHost247 web hosting runs your website on managed infrastructure with SSD-backed storage, free SSL, mailboxes, databases and 24/7 support.'}","{'svg': 'hosting/web-hosting.svg', 'scene': 'hosting/web-hosting-3d'}",hosting/web-hosting,present,ok,hosting / Web hosting,Products,True
website-design.php,/website-design.php,Website Design,Business,published,cloudhost247-page,"{'title': 'Website Design', 'description': 'Build a website on CloudHost247 with the website builder or the AI website builder, start from a template, launch a store, or have our designers do it for you.'}","{'svg': 'hosting/website-design.svg', 'scene': 'hosting/web-hosting-3d'}",hosting/website-design,present,ok,hosting / Specialized hosting,,True
windows-hosting.php,/windows-hosting.php,Windows Hosting,Hosting,published,cloudhost247-page,"{'title': 'Windows Hosting', 'description': 'Windows hosting from CloudHost247 for ASP.NET and Windows-based stacks, with MSSQL databases, IIS configuration and managed certificates.'}","{'svg': 'hosting/windows-hosting.svg', 'scene': 'hosting/web-hosting-3d'}",hosting/windows-hosting,present,ok,hosting / Web hosting,,True
wordpress-hosting.php,/wordpress-hosting.php,WordPress Hosting,Hosting,published,cloudhost247-page,"{'title': 'WordPress Hosting', 'description': 'WordPress hosting on CloudHost247: managed runtime, HTTPS, scheduled backups, database access and the operational work handled for you.'}","{'svg': 'hosting/wordpress-hosting.svg', 'scene': 'hosting/wordpress-hosting-3d'}",hosting/wordpress-hosting,present,ok,hosting / Web hosting,Products,True
